iter	Logloss
0	0.5274298286
1	0.4055493832
2	0.3189084752
3	0.2638468011
4	0.2171814664
5	0.1848902607
6	0.1571550147
7	0.1413985252
8	0.1261670208
9	0.1152765465
10	0.1073994533
11	0.1016243847
12	0.09741965055
